seq,type,latency_ns,excess_ns,unexplained_ns,causes
643123,add,5723943,5723890,5708228,timer tick=12294; page fault=3368
641279,add,2223442,2223389,2204039,timer tick=10416; softirq SCHED=5566; page fault=3368
38639,cancel,1943614,1943419,1926723,timer tick=16696
1328218,add,1407617,1407564,1407564,
1847820,cancel,785006,784811,767483,timer tick=17328
861061,add,352647,352594,352594,
27697,add,302675,302622,302622,
891288,cancel,257461,257266,257266,
59232,add,245018,244965,244965,
59215,add,232425,232372,232372,
1329237,cancel,166894,166699,166699,
890925,aggress,163525,163387,163387,
59091,cancel,162740,162545,162545,
1879686,add,135051,134998,134998,
1882150,aggress,129431,129293,24882,softirq TIMER=86689; timer tick=17722
3,aggress,127637,127499,109899,timer tick=13932; softirq SCHED=2415; softirq RCU=1253
1884218,cancel,126830,126635,126635,
119490,cancel,96647,96452,96452,
1,cancel,93452,93257,93257,
890978,cancel,92243,92048,92048,
1640206,add,84948,84895,84895,
1124002,cancel,83076,82881,82881,
1466150,add,78017,77964,13121,softirq TIMER=51415; timer tick=13428
1857750,cancel,72628,72433,72433,
446151,aggress,70429,70291,36844,timer tick=33447
